feature,importance
return_1d,0.06253455133250775
return_5d,0.12921593594012826
return_20d,0.09083196267646199
volatility_20d,0.1908197939254755
volume_change_5d,0.06863407202104065
sma_10_gap,0.09102086604279949
sma_30_gap,0.08445351497039605
benchmark_return_5d,0.11445849429799608
relative_strength_5d,0.16803080879319432
