feature,importance
return_1d,0.07775324771957681
return_5d,0.1222448269304132
return_20d,0.08650509216120365
volatility_20d,0.21720806015470714
volume_change_5d,0.08527695892745954
sma_10_gap,0.11530673339780144
sma_30_gap,0.043423055575093586
benchmark_return_5d,0.08705941241476312
relative_strength_5d,0.16522261271898145
