feature,importance
return_1d,0.06580790443752807
return_5d,0.11378729118846641
return_20d,0.10427643560895739
volatility_20d,0.23611588303562744
volume_change_5d,0.054080389907440844
sma_10_gap,0.10699031156320338
sma_30_gap,0.0753992872808879
benchmark_return_5d,0.08899720463350787
relative_strength_5d,0.15454529234438075
